,gpcr_a,microbial_opsins,iLBP
0,7.43,7.50,c.109
1,3.28,3.57,
2,7.39,7.46,c.52
3,54.01,4.51,c.39
4,2.58,7.45,c.65
5,5.42,5.50,c.17
6,6.44,6.55,
7,3.29,6.47,c.107
8,45.008,3.54,c.118
9,3.37,5.51,c.26
10,5.43,4.53,c.37
11,7.35,3.46,
12,3.35,6.48,c.105
13,3.33,4.50,c.120
14,45.007,3.53,c.116
15,1.39,7.47,
16,7.42,7.42,c.62
17,3.32,7.49,c.96
18,6.52,4.54,
19,2.53,6.46,c.98
20,4.56,5.52,c.21
21,3.36,6.51,c.78
22,4.67,4.47,c.129
23,6.49,6.54,c.59
24,45.005,2.51,c.5
25,6.53,4.58,c.60
26,5.38,5.53,
27,3.40,5.47,
28,3.31,6.43,c.106
29,6.48,6.50,c.63
30,5.48,5.48,c.30
31,6.51,3.50,c.54
32,5.47,5.46,c.34
33,6.55,4.52,
34,2.61,1.50,c.94
35,3.34,5.54,c.24
36,45.006,3.49,c.41
37,6.56,4.55,c.56
38,3.38,5.55,
39,5.46,5.49,c.31
40,5.51,5.43,c.58
41,7.45,6.49,
42,3.39,6.52,c.77
43,45.001,3.51,
44,7.40,2.55,c.43
45,7.38,3.47,c.55
46,7.36,2.54,
47,2.57,2.50,
48,3.30,5.57,
49,5.39,4.49,
50,7.41,6.53,c.61
51,5.44,4.57,
52,5.45,6.58,
53,45.009,5.58,c.20
54,6.47,67.001,
55,,,
56,,,
57,,,
58,6.45,,
59,54.009,,
60,6.50,,
61,6.54,,
62,45.01,,
63,2.60,,
64,7.46,,
65,5.50,,
66,5.40,,
67,2.56,,
68,4.57,,
69,5.41,,
70,7.50,,
71,3.54,,
72,3.50,,
73,3.53,,
74,5.49,,
75,4.53,,
76,5.54,,
77,6.46,,
78,3.47,,
79,3.49,,
80,6.43,,
81,4.51,,
82,2.51,,
83,2.55,,
84,5.52,,
85,7.49,,
86,4.55,,
87,4.47,,
88,1.50,,
89,4.50,,
90,4.58,,
91,5.58,,
92,3.46,,
93,3.51,,
94,4.49,,
95,4.54,,
96,5.57,,
97,3.57,,
98,4.52,,
99,6.58,,
100,5.55,,
101,67.001,,
102,7.47,,
103,2.50,,
104,5.53,,
105,2.54,,
