,c.1,c.2,c.3,c.4,c.5,c.6,c.7,c.8,c.9,c.10,c.11,c.12,c.13,c.14,c.15,c.16,c.17,c.18,c.19,c.20,c.21,c.22,c.23,c.24,c.25,c.26,c.27,c.28,c.29,c.30,c.31,c.32,c.33,c.34,c.35,c.36,c.37,c.38,c.39,c.40,c.41,c.42,c.43,c.44,c.45,c.46,c.47,c.48,c.49,c.50,c.51,c.52,c.53,c.54,c.55,c.56,c.57,c.58,c.59,c.60,c.61,c.62,c.63,c.64,c.65,c.66,c.67,c.68,c.69,c.70,c.71,c.72,c.73,c.74,c.75,c.76,c.77,c.78,c.79,c.80,c.81,c.82,c.83,c.84,c.85,c.86,c.87,c.88,c.89,c.90,c.91,c.92,c.93,c.94,c.95,c.96,c.97,c.98,c.99,c.100,c.101,c.102,c.103,c.104,c.105,c.106,c.107,c.108,c.109,c.110,c.111,c.112,c.113,c.114,c.115,c.116,c.117,c.118,c.119,c.120,c.121,c.122,c.123,c.124,c.125,c.126,c.127,c.128,c.129,c.130,c.131,c.132,c.133,c.134
O6ca8ad0bf,M1,T2,R3,D4,Q5,N6,G7,T8,W9,E10,M11,E12,S13,N14,E15,N16,Y17,E18,G19,Y20,M21,K22,A23,L24,D25,I26,D27,F28,A29,T30,R31,K32,I33,A34,V35,R36,L37,T38,Q39,T40,L41,V42,I43,D44,Q45,D46,G47,D48,N49,F50,K51,T52,K53,T54,T55,S56,T57,F58,R59,N60,Y61,D62,V63,D64,F65,T66,V67,G68,V69,E70,F71,D72,E73,Y74,T75,K76,S77,L78,D79,N80,R81,H82,V83,K84,A85,L86,V87,T88,W89,E90,G91,D92,V93,L94,V95,C96,V97,Q98,K99,G100,E101,K102,E103,N104,R105,G106,W107,K108,K109,W110,I111,E112,G113,D114,K115,L116,Y117,L118,E119,L120,T121,C122,G123,D124,Q125,V126,C127,R128,Q129,V130,F131,K132,K133,K134
Oedf731bd0,M1,T2,R3,D4,Q5,N6,G7,T8,W9,E10,M11,E12,S13,N14,E15,N16,F17,E18,G19,Y20,M21,K22,A23,L24,D25,I26,D27,F28,A29,T30,R31,K32,I33,A34,V35,R36,L37,T38,Q39,T40,L41,V42,I43,D44,Q45,D46,G47,D48,N49,F50,K51,T52,K53,W54,T55,S56,T57,F58,R59,N60,Y61,D62,V63,D64,F65,T66,V67,G68,V69,E70,F71,D72,E73,Y74,T75,K76,S77,L78,D79,N80,R81,H82,V83,K84,A85,L86,V87,T88,W89,E90,G91,D92,V93,L94,V95,C96,V97,Q98,K99,G100,E101,K102,E103,N104,R105,G106,W107,K108,K109,W110,I111,E112,G113,D114,K115,L116,Y117,L118,E119,L120,T121,C122,G123,D124,Q125,V126,C127,R128,Q129,V130,F131,K132,K133,K134
Ofc78f3390,M1,T2,R3,D4,Q5,N6,G7,T8,W9,E10,M11,E12,S13,N14,E15,N16,F17,E18,G19,Y20,M21,K22,A23,L24,D25,I26,D27,F28,A29,T30,R31,K32,I33,A34,V35,R36,L37,T38,Q39,T40,L41,V42,I43,D44,Q45,D46,G47,D48,N49,F50,K51,T52,K53,D54,T55,S56,T57,F58,R59,N60,Y61,D62,V63,D64,F65,T66,V67,G68,V69,E70,F71,D72,E73,Y74,T75,K76,S77,L78,D79,N80,R81,H82,V83,K84,A85,L86,V87,T88,W89,E90,G91,D92,V93,L94,V95,C96,V97,Q98,K99,G100,E101,K102,E103,N104,R105,G106,W107,K108,K109,W110,I111,E112,G113,D114,K115,L116,Y117,L118,E119,L120,T121,C122,G123,D124,Q125,V126,C127,R128,Q129,V130,F131,K132,K133,K134
O477c7d16e,M1,T2,R3,D4,Q5,N6,G7,T8,W9,E10,M11,E12,S13,N14,E15,N16,F17,E18,G19,Y20,M21,K22,A23,L24,D25,I26,D27,F28,A29,E30,R31,K32,I33,A34,V35,R36,L37,T38,Q39,T40,L41,V42,I43,D44,Q45,D46,G47,D48,N49,F50,K51,T52,K53,T54,T55,S56,T57,F58,R59,N60,Y61,D62,V63,D64,F65,T66,V67,G68,V69,E70,F71,D72,E73,Y74,T75,K76,S77,L78,D79,N80,R81,H82,V83,K84,A85,L86,V87,T88,W89,E90,G91,D92,V93,L94,V95,C96,V97,Q98,K99,G100,E101,K102,E103,N104,R105,G106,W107,K108,K109,W110,I111,E112,G113,D114,K115,L116,Y117,L118,E119,L120,T121,C122,G123,D124,Q125,V126,C127,R128,Q129,V130,F131,K132,K133,K134
O85bcada37,M1,T2,R3,D4,Q5,N6,G7,T8,W9,E10,M11,E12,S13,N14,E15,N16,F17,E18,G19,Y20,M21,K22,A23,L24,D25,I26,D27,F28,A29,T30,R31,K32,I33,A34,V35,R36,L37,T38,Q39,T40,L41,V42,I43,D44,Q45,D46,G47,D48,N49,F50,K51,T52,K53,M54,T55,S56,T57,F58,R59,N60,Y61,D62,V63,D64,F65,T66,V67,G68,V69,E70,F71,D72,E73,Y74,T75,K76,S77,L78,D79,N80,R81,H82,V83,K84,A85,L86,V87,T88,W89,E90,G91,D92,V93,L94,V95,C96,V97,Q98,K99,G100,E101,K102,E103,N104,R105,G106,W107,K108,K109,W110,I111,E112,G113,D114,K115,L116,Y117,L118,E119,L120,T121,C122,G123,D124,Q125,V126,C127,R128,Q129,V130,F131,K132,K133,K134
Oea9bad450,M1,T2,R3,D4,Q5,N6,G7,T8,W9,E10,M11,E12,S13,N14,E15,N16,F17,E18,G19,Y20,M21,K22,A23,L24,D25,I26,D27,F28,A29,T30,R31,K32,I33,A34,V35,R36,L37,T38,Q39,T40,L41,V42,I43,D44,Q45,D46,G47,D48,N49,F50,K51,T52,K53,T54,T55,S56,T57,F58,Q59,N60,Y61,D62,V63,D64,F65,T66,V67,G68,V69,E70,F71,D72,E73,Y74,T75,K76,S77,L78,D79,N80,R81,H82,V83,K84,A85,L86,V87,T88,W89,E90,G91,D92,V93,L94,V95,C96,V97,Q98,K99,G100,E101,K102,E103,N104,R105,G106,W107,K108,K109,W110,I111,E112,G113,D114,K115,L116,Y117,L118,E119,L120,T121,C122,G123,D124,Q125,V126,C127,R128,Q129,V130,F131,K132,K133,K134
Ob652a686d,M1,T2,R3,D4,Q5,N6,G7,T8,W9,E10,M11,E12,S13,N14,E15,N16,F17,E18,G19,Y20,M21,K22,A23,L24,D25,I26,D27,F28,A29,T30,R31,K32,I33,A34,V35,R36,L37,T38,Q39,T40,L41,V42,I43,D44,Q45,D46,G47,D48,N49,F50,K51,T52,K53,T54,T55,S56,T57,F58,A59,N60,Y61,D62,V63,D64,F65,T66,V67,G68,V69,E70,F71,D72,E73,Y74,T75,K76,S77,L78,D79,N80,R81,H82,V83,K84,A85,L86,V87,T88,W89,E90,G91,D92,V93,L94,V95,C96,V97,Q98,K99,G100,E101,K102,E103,N104,R105,G106,W107,K108,K109,W110,I111,E112,G113,D114,K115,L116,Y117,L118,E119,L120,T121,C122,G123,D124,Q125,V126,C127,R128,Q129,V130,F131,K132,K133,K134
O875eb0153,M1,T2,R3,D4,Q5,N6,G7,T8,W9,E10,M11,E12,S13,N14,E15,N16,F17,E18,G19,Y20,M21,K22,A23,L24,D25,I26,D27,F28,A29,T30,R31,K32,I33,A34,V35,R36,L37,T38,Q39,T40,L41,V42,I43,D44,Q45,D46,G47,D48,N49,F50,K51,T52,K53,T54,T55,S56,T57,F58,L59,N60,Y61,D62,V63,D64,F65,T66,V67,G68,V69,E70,F71,D72,E73,Y74,T75,K76,S77,L78,D79,N80,R81,H82,V83,K84,A85,L86,V87,T88,W89,E90,G91,D92,V93,L94,V95,C96,V97,Q98,K99,G100,E101,K102,E103,N104,R105,G106,W107,K108,K109,W110,I111,E112,G113,D114,K115,L116,Y117,L118,E119,L120,T121,C122,G123,D124,Q125,V126,C127,R128,Q129,V130,F131,K132,K133,K134
Obcad59e69,M1,T2,R3,D4,Q5,N6,G7,T8,W9,E10,M11,E12,S13,N14,E15,N16,F17,E18,G19,Y20,M21,K22,A23,L24,D25,I26,D27,F28,A29,T30,R31,K32,I33,A34,V35,R36,L37,T38,Q39,T40,L41,V42,I43,D44,Q45,D46,G47,D48,N49,F50,K51,T52,K53,N54,T55,S56,T57,F58,R59,N60,Y61,D62,V63,D64,F65,T66,V67,G68,V69,E70,F71,D72,E73,Y74,T75,K76,S77,L78,D79,N80,R81,H82,V83,K84,A85,L86,V87,T88,W89,E90,G91,D92,V93,L94,V95,C96,V97,Q98,K99,G100,E101,K102,E103,N104,R105,G106,W107,K108,K109,W110,I111,E112,G113,D114,K115,L116,Y117,L118,E119,L120,T121,C122,G123,D124,Q125,V126,C127,R128,Q129,V130,F131,K132,K133,K134
O3653f223f,M1,T2,R3,D4,Q5,N6,G7,T8,W9,E10,M11,E12,S13,N14,E15,N16,F17,E18,G19,Y20,M21,K22,A23,L24,D25,I26,D27,F28,A29,T30,R31,K32,I33,A34,V35,R36,L37,T38,Q39,T40,L41,V42,I43,D44,Q45,D46,G47,D48,N49,F50,K51,T52,K53,T54,T55,S56,T57,F58,E59,N60,Y61,D62,V63,D64,F65,T66,V67,G68,V69,E70,F71,D72,E73,Y74,T75,K76,S77,L78,D79,N80,R81,H82,V83,K84,A85,L86,V87,T88,W89,E90,G91,D92,V93,L94,V95,C96,V97,Q98,K99,G100,E101,K102,E103,N104,R105,G106,W107,K108,K109,W110,I111,E112,G113,D114,K115,L116,Y117,L118,E119,L120,T121,C122,G123,D124,Q125,V126,C127,R128,Q129,V130,F131,K132,K133,K134
O96992157d,M1,T2,R3,D4,Q5,N6,G7,T8,W9,E10,M11,E12,S13,N14,E15,N16,F17,E18,G19,Y20,M21,K22,A23,L24,D25,I26,D27,F28,A29,T30,R31,K32,I33,A34,V35,R36,L37,T38,Q39,T40,L41,V42,I43,D44,Q45,D46,G47,D48,N49,F50,K51,T52,K53,T54,T55,S56,T57,F58,D59,N60,Y61,D62,V63,D64,F65,T66,V67,G68,V69,E70,F71,D72,E73,Y74,T75,K76,S77,L78,D79,N80,R81,H82,V83,K84,A85,L86,V87,T88,W89,E90,G91,D92,V93,L94,V95,C96,V97,Q98,K99,G100,E101,K102,E103,N104,R105,G106,W107,K108,K109,W110,I111,E112,G113,D114,K115,L116,Y117,L118,E119,L120,T121,C122,G123,D124,Q125,V126,C127,R128,Q129,V130,F131,K132,K133,K134
O92286cad5,M1,T2,R3,D4,Q5,N6,G7,T8,W9,E10,M11,E12,S13,N14,E15,N16,F17,E18,G19,Y20,M21,K22,A23,L24,D25,I26,D27,F28,A29,T30,R31,K32,I33,A34,V35,R36,L37,T38,Q39,T40,L41,V42,I43,D44,Q45,D46,G47,D48,N49,F50,K51,T52,K53,V54,T55,S56,T57,F58,R59,N60,Y61,D62,V63,D64,F65,T66,V67,G68,V69,E70,F71,D72,E73,Y74,T75,K76,S77,L78,D79,N80,R81,H82,V83,K84,A85,L86,V87,T88,W89,E90,G91,D92,V93,L94,V95,C96,V97,Q98,K99,G100,E101,K102,E103,N104,R105,G106,W107,K108,K109,W110,I111,E112,G113,D114,K115,L116,Y117,L118,E119,L120,T121,C122,G123,D124,Q125,V126,C127,R128,Q129,V130,F131,K132,K133,K134
O5d9ea0852,M1,T2,R3,D4,Q5,N6,G7,T8,W9,E10,M11,E12,S13,N14,E15,N16,F17,E18,G19,Y20,M21,K22,A23,L24,D25,I26,D27,F28,A29,T30,R31,K32,I33,A34,V35,R36,L37,T38,Q39,T40,L41,V42,I43,D44,Q45,D46,G47,D48,N49,F50,K51,T52,K53,T54,T55,S56,T57,F58,R59,N60,Y61,D62,V63,D64,F65,T66,V67,G68,V69,E70,F71,D72,E73,Y74,T75,K76,S77,E78,D79,N80,R81,H82,V83,K84,A85,L86,V87,T88,W89,E90,G91,D92,V93,L94,V95,C96,V97,Q98,K99,G100,E101,K102,E103,N104,R105,G106,W107,K108,K109,W110,I111,E112,G113,D114,K115,L116,Y117,L118,E119,L120,T121,C122,G123,D124,Q125,V126,C127,R128,Q129,V130,F131,K132,K133,K134
O622f91449,M1,T2,R3,D4,Q5,N6,G7,T8,W9,E10,M11,E12,S13,N14,E15,N16,F17,E18,G19,Y20,M21,K22,A23,L24,D25,I26,D27,F28,A29,T30,R31,K32,I33,A34,V35,R36,L37,T38,Q39,T40,L41,V42,I43,D44,Q45,D46,G47,D48,N49,F50,K51,T52,K53,T54,T55,S56,T57,F58,R59,N60,Y61,D62,V63,D64,F65,T66,V67,G68,V69,E70,F71,D72,E73,Y74,T75,K76,S77,L78,D79,N80,R81,H82,V83,K84,A85,L86,V87,T88,W89,E90,G91,D92,V93,L94,V95,C96,V97,Q98,K99,G100,E101,K102,E103,N104,R105,G106,W107,K108,K109,W110,I111,E112,G113,D114,K115,L116,Y117,L118,E119,L120,T121,C122,G123,D124,Q125,V126,C127,R128,Q129,V130,F131,K132,K133,K134
Ob36da5d79,M1,T2,R3,D4,Q5,N6,G7,T8,W9,E10,M11,E12,S13,N14,E15,N16,F17,E18,G19,Y20,M21,K22,A23,L24,D25,I26,D27,F28,A29,T30,R31,K32,I33,A34,V35,R36,L37,T38,Q39,T40,L41,V42,I43,D44,Q45,D46,G47,D48,N49,F50,K51,T52,K53,S54,T55,S56,T57,F58,R59,N60,Y61,D62,V63,D64,F65,T66,V67,G68,V69,E70,F71,D72,E73,Y74,T75,K76,S77,L78,D79,N80,R81,H82,V83,K84,A85,L86,V87,T88,W89,E90,G91,D92,V93,L94,V95,C96,V97,Q98,K99,G100,E101,K102,E103,N104,R105,G106,W107,K108,K109,W110,I111,E112,G113,D114,K115,L116,Y117,L118,E119,L120,T121,C122,G123,D124,Q125,V126,C127,R128,Q129,V130,F131,K132,K133,K134
O6369def11,M1,T2,R3,D4,Q5,N6,G7,T8,W9,E10,M11,E12,S13,N14,E15,N16,F17,E18,G19,Y20,M21,K22,A23,L24,D25,I26,D27,F28,A29,T30,R31,K32,I33,A34,V35,R36,L37,T38,Q39,T40,L41,V42,I43,D44,Q45,D46,G47,D48,N49,F50,K51,T52,K53,C54,T55,S56,T57,F58,R59,N60,Y61,D62,V63,D64,F65,T66,V67,G68,V69,E70,F71,D72,E73,Y74,T75,K76,S77,L78,D79,N80,R81,H82,V83,K84,A85,L86,V87,T88,W89,E90,G91,D92,V93,L94,V95,C96,V97,Q98,K99,G100,E101,K102,E103,N104,R105,G106,W107,K108,K109,W110,I111,E112,G113,D114,K115,L116,Y117,L118,E119,L120,T121,C122,G123,D124,Q125,V126,C127,R128,Q129,V130,F131,K132,K133,K134
Obd3206d54,M1,T2,R3,D4,Q5,N6,G7,T8,W9,E10,M11,E12,S13,N14,E15,N16,F17,E18,G19,Y20,M21,K22,A23,L24,D25,I26,D27,F28,A29,T30,R31,K32,I33,A34,V35,R36,L37,T38,Q39,T40,L41,V42,I43,D44,Q45,D46,G47,D48,N49,F50,K51,T52,K53,T54,T55,S56,T57,F58,F59,N60,Y61,D62,V63,D64,F65,T66,V67,G68,V69,E70,F71,D72,E73,Y74,T75,K76,S77,L78,D79,N80,R81,H82,V83,K84,A85,L86,V87,T88,W89,E90,G91,D92,V93,L94,V95,C96,V97,Q98,K99,G100,E101,K102,E103,N104,R105,G106,W107,K108,K109,W110,I111,E112,G113,D114,K115,L116,Y117,L118,E119,L120,T121,C122,G123,D124,Q125,V126,C127,R128,Q129,V130,F131,K132,K133,K134
O324d28782,M1,T2,R3,D4,Q5,N6,G7,T8,W9,E10,M11,E12,S13,N14,E15,N16,F17,E18,G19,Y20,M21,K22,A23,L24,D25,I26,D27,F28,A29,T30,R31,K32,I33,A34,V35,R36,L37,T38,Q39,T40,L41,V42,I43,D44,Q45,D46,G47,D48,N49,F50,K51,T52,K53,T54,T55,S56,T57,F58,W59,N60,Y61,D62,V63,D64,F65,T66,V67,G68,V69,E70,F71,D72,E73,Y74,T75,K76,S77,L78,D79,N80,R81,H82,V83,K84,A85,L86,V87,T88,W89,E90,G91,D92,V93,L94,V95,C96,V97,Q98,K99,G100,E101,K102,E103,N104,R105,G106,W107,K108,K109,W110,I111,E112,G113,D114,K115,L116,Y117,L118,E119,L120,T121,C122,G123,D124,Q125,V126,C127,R128,Q129,V130,F131,K132,K133,K134
Oa7e125f49,M1,T2,R3,D4,Q5,N6,G7,T8,W9,E10,M11,E12,S13,N14,E15,N16,F17,E18,G19,Y20,M21,K22,A23,L24,D25,I26,D27,F28,A29,T30,R31,K32,I33,A34,V35,R36,L37,T38,Q39,T40,L41,V42,I43,D44,Q45,D46,G47,D48,N49,F50,K51,T52,K53,T54,T55,S56,T57,F58,Y59,N60,Y61,D62,V63,D64,F65,T66,V67,G68,V69,E70,F71,D72,E73,Y74,T75,K76,S77,L78,D79,N80,R81,H82,V83,K84,A85,L86,V87,T88,W89,E90,G91,D92,V93,L94,V95,C96,V97,Q98,K99,G100,E101,K102,E103,N104,R105,G106,W107,K108,K109,W110,I111,E112,G113,D114,K115,L116,Y117,L118,E119,L120,T121,C122,G123,D124,Q125,V126,C127,R128,Q129,V130,F131,K132,K133,K134
Ofe6aa3e4c,M1,T2,R3,D4,Q5,N6,G7,T8,W9,E10,M11,E12,S13,N14,E15,N16,F17,E18,G19,Y20,M21,K22,A23,L24,D25,I26,D27,F28,A29,T30,R31,K32,I33,A34,V35,R36,L37,T38,Q39,T40,L41,V42,I43,D44,Q45,D46,G47,D48,N49,F50,K51,T52,K53,C54,T55,S56,T57,F58,W59,N60,Y61,D62,V63,D64,F65,T66,V67,G68,V69,E70,F71,D72,E73,Y74,T75,K76,S77,L78,D79,N80,R81,H82,V83,K84,A85,L86,V87,T88,W89,E90,G91,D92,V93,L94,V95,C96,V97,Q98,K99,G100,E101,K102,E103,N104,R105,G106,W107,K108,K109,W110,I111,E112,G113,D114,K115,L116,Y117,L118,E119,L120,T121,C122,G123,D124,Q125,V126,C127,R128,Q129,V130,F131,K132,K133,K134
O765351f1c,M1,T2,R3,D4,Q5,N6,G7,T8,W9,E10,M11,E12,S13,N14,E15,N16,F17,E18,G19,Y20,M21,K22,A23,L24,D25,I26,D27,F28,A29,T30,R31,K32,I33,A34,V35,R36,L37,T38,Q39,T40,L41,V42,I43,D44,Q45,D46,G47,D48,N49,F50,K51,T52,K53,C54,T55,S56,T57,F58,Y59,N60,Y61,D62,V63,D64,F65,T66,V67,G68,V69,E70,F71,D72,E73,Y74,T75,K76,S77,L78,D79,N80,R81,H82,V83,K84,A85,L86,V87,T88,W89,E90,G91,D92,V93,L94,V95,C96,V97,Q98,K99,G100,E101,K102,E103,N104,R105,G106,W107,K108,K109,W110,I111,E112,G113,D114,K115,L116,Y117,L118,E119,L120,T121,C122,G123,D124,Q125,V126,C127,R128,Q129,V130,F131,K132,K133,K134
Oaae2ef8fb,M1,T2,R3,D4,F5,N6,G7,T8,W9,E10,M11,E12,S13,N14,E15,N16,F17,E18,G19,W20,M21,K22,A23,L24,D25,I26,D27,F28,A29,L30,R31,K32,I33,W34,V35,R36,L37,T38,Q39,T40,L41,V42,I43,D44,Q45,D46,G47,D48,N49,F50,K51,V52,K53,C54,T55,S56,T57,F58,A59,N60,Y61,D62,V63,D64,F65,T66,V67,G68,V69,E70,F71,D72,E73,Y74,T75,K76,S77,L78,D79,N80,R81,H82,V83,K84,A85,L86,V87,T88,W89,E90,G91,D92,V93,L94,V95,C96,V97,Q98,K99,G100,E101,K102,E103,N104,R105,G106,W107,K108,K109,W110,I111,E112,G113,D114,K115,L116,Y117,L118,E119,L120,T121,C122,G123,D124,Q125,V126,C127,R128,Q129,V130,F131,K132,K133,K134
O5b4fd1744,M1,T2,R3,D4,Q5,N6,G7,T8,W9,E10,M11,E12,S13,N14,E15,N16,F17,E18,G19,Y20,M21,K22,A23,L24,D25,I26,D27,F28,A29,T30,R31,K32,I33,A34,V35,R36,L37,T38,Q39,T40,L41,V42,I43,D44,Q45,D46,G47,D48,N49,F50,K51,V52,K53,T54,T55,S56,T57,F58,Y59,N60,Y61,D62,V63,D64,F65,T66,V67,G68,V69,E70,F71,D72,E73,Y74,T75,K76,S77,L78,D79,N80,R81,H82,V83,K84,A85,L86,V87,T88,W89,E90,G91,D92,V93,L94,V95,C96,V97,Q98,K99,G100,E101,K102,E103,N104,R105,G106,W107,K108,K109,W110,I111,E112,G113,D114,K115,L116,Y117,L118,E119,L120,T121,C122,G123,D124,Q125,V126,C127,R128,Q129,V130,F131,K132,K133,K134
Ofead460e8,M1,T2,R3,D4,Q5,N6,G7,T8,W9,E10,M11,E12,S13,N14,E15,N16,F17,E18,G19,W20,M21,K22,A23,L24,D25,I26,D27,F28,A29,T30,R31,K32,I33,A34,V35,R36,L37,T38,Q39,T40,L41,V42,I43,D44,Q45,D46,G47,D48,N49,F50,K51,V52,K53,T54,T55,S56,T57,F58,Y59,N60,Y61,D62,V63,D64,F65,T66,V67,G68,V69,E70,F71,D72,E73,Y74,T75,K76,S77,L78,D79,N80,R81,H82,V83,K84,A85,L86,V87,T88,W89,E90,G91,D92,V93,L94,V95,C96,V97,Q98,K99,G100,E101,K102,E103,N104,R105,G106,W107,K108,K109,W110,I111,E112,G113,D114,K115,L116,Y117,L118,E119,L120,T121,C122,G123,D124,Q125,V126,C127,R128,Q129,V130,F131,K132,K133,K134
Ob9d5b5f69,M1,T2,R3,D4,Q5,N6,G7,T8,W9,E10,M11,E12,S13,N14,E15,N16,F17,E18,G19,Y20,M21,K22,A23,L24,D25,I26,D27,F28,A29,T30,R31,K32,I33,A34,V35,R36,L37,T38,Q39,T40,L41,V42,I43,D44,Q45,D46,G47,D48,N49,F50,K51,V52,K53,T54,T55,S56,T57,F58,W59,N60,Y61,D62,V63,D64,F65,T66,V67,G68,V69,E70,F71,D72,E73,Y74,T75,K76,S77,L78,D79,N80,R81,H82,V83,K84,A85,L86,V87,T88,W89,E90,G91,D92,V93,L94,V95,C96,V97,Q98,K99,G100,E101,K102,E103,N104,R105,G106,W107,K108,K109,W110,I111,E112,G113,D114,K115,L116,Y117,L118,E119,L120,T121,C122,G123,D124,Q125,V126,C127,R128,Q129,V130,F131,K132,K133,K134
Od74244cba,M1,T2,R3,D4,F5,N6,G7,T8,W9,E10,M11,E12,S13,N14,E15,N16,F17,E18,G19,W20,M21,K22,A23,L24,D25,I26,D27,F28,A29,L30,R31,K32,I33,W34,V35,R36,L37,T38,Q39,T40,L41,V42,I43,D44,Q45,D46,G47,D48,N49,F50,K51,V52,K53,C54,T55,S56,T57,F58,H59,N60,Y61,D62,V63,D64,F65,T66,V67,G68,V69,E70,F71,D72,E73,Y74,T75,K76,S77,L78,D79,N80,R81,H82,V83,K84,A85,L86,V87,T88,W89,E90,G91,D92,V93,L94,V95,C96,V97,Q98,K99,G100,E101,K102,E103,N104,R105,G106,W107,K108,K109,W110,I111,E112,G113,D114,K115,L116,Y117,L118,E119,L120,T121,C122,G123,D124,Q125,V126,C127,R128,Q129,V130,F131,K132,K133,K134
O00cc28db5,M1,T2,R3,D4,Q5,N6,G7,T8,W9,E10,M11,E12,S13,N14,E15,N16,F17,E18,G19,Y20,M21,K22,A23,L24,D25,I26,D27,F28,A29,T30,R31,K32,I33,A34,V35,R36,L37,T38,Q39,T40,L41,V42,I43,D44,Q45,D46,G47,D48,N49,F50,K51,V52,K53,C54,T55,S56,T57,F58,Y59,N60,Y61,D62,V63,D64,F65,T66,V67,G68,V69,E70,F71,D72,E73,Y74,T75,K76,S77,L78,D79,N80,R81,H82,V83,K84,A85,L86,V87,T88,W89,E90,G91,D92,V93,L94,V95,C96,V97,Q98,K99,G100,E101,K102,E103,N104,R105,G106,W107,K108,K109,W110,I111,E112,G113,D114,K115,L116,Y117,L118,E119,L120,T121,C122,G123,D124,Q125,V126,C127,R128,Q129,V130,F131,K132,K133,K134
O14ab61565,M1,T2,R3,D4,Q5,N6,G7,T8,W9,E10,M11,E12,S13,N14,E15,N16,F17,E18,G19,W20,M21,K22,A23,L24,D25,I26,D27,F28,A29,T30,R31,K32,I33,A34,V35,R36,L37,T38,Q39,T40,L41,V42,I43,D44,Q45,D46,G47,D48,N49,F50,K51,V52,K53,T54,T55,S56,T57,F58,W59,N60,Y61,D62,V63,D64,F65,T66,V67,G68,V69,E70,F71,D72,E73,Y74,T75,K76,S77,L78,D79,N80,R81,H82,V83,K84,A85,L86,V87,T88,W89,E90,G91,D92,V93,L94,V95,C96,V97,Q98,K99,G100,E101,K102,E103,N104,R105,G106,W107,K108,K109,W110,I111,E112,G113,D114,K115,L116,Y117,L118,E119,L120,T121,C122,G123,D124,Q125,V126,C127,R128,Q129,V130,F131,K132,K133,K134
Ob91de62ce,M1,T2,R3,D4,F5,N6,G7,T8,W9,E10,M11,E12,S13,N14,E15,N16,F17,E18,G19,W20,M21,K22,A23,L24,D25,I26,D27,F28,A29,L30,R31,K32,I33,W34,V35,R36,L37,T38,Q39,T40,L41,V42,I43,D44,Q45,D46,G47,D48,N49,F50,K51,V52,K53,C54,T55,S56,T57,F58,L59,N60,Y61,D62,V63,D64,F65,T66,V67,G68,V69,E70,F71,D72,E73,Y74,T75,K76,S77,L78,D79,N80,R81,H82,V83,K84,A85,L86,V87,T88,W89,E90,G91,D92,V93,L94,V95,C96,V97,Q98,K99,G100,E101,K102,E103,N104,R105,G106,W107,K108,K109,W110,I111,E112,G113,D114,K115,L116,Y117,L118,E119,L120,T121,C122,G123,D124,Q125,V126,C127,R128,Q129,V130,F131,K132,K133,K134
Oe3cec9710,M1,T2,R3,D4,Q5,N6,G7,T8,W9,E10,M11,E12,S13,N14,E15,N16,F17,E18,G19,Y20,M21,K22,A23,L24,D25,I26,D27,F28,A29,T30,R31,K32,I33,A34,V35,R36,L37,T38,Q39,T40,L41,V42,I43,D44,Q45,D46,G47,D48,N49,F50,K51,V52,K53,C54,T55,S56,T57,F58,W59,N60,Y61,D62,V63,D64,F65,T66,V67,G68,V69,E70,F71,D72,E73,Y74,T75,K76,S77,L78,D79,N80,R81,H82,V83,K84,A85,L86,V87,T88,W89,E90,G91,D92,V93,L94,V95,C96,V97,Q98,K99,G100,E101,K102,E103,N104,R105,G106,W107,K108,K109,W110,I111,E112,G113,D114,K115,L116,Y117,L118,E119,L120,T121,C122,G123,D124,Q125,V126,C127,R128,Q129,V130,F131,K132,K133,K134
Ob58253eff,M1,T2,R3,D4,F5,N6,G7,T8,W9,E10,M11,E12,S13,N14,E15,N16,F17,E18,G19,W20,M21,K22,A23,L24,D25,I26,D27,F28,A29,L30,R31,K32,I33,W34,V35,R36,L37,T38,Q39,T40,L41,V42,I43,D44,Q45,D46,G47,D48,N49,F50,K51,V52,K53,C54,T55,S56,T57,F58,E59,N60,Y61,D62,V63,D64,F65,T66,V67,G68,V69,E70,F71,D72,E73,Y74,T75,K76,S77,L78,D79,N80,R81,H82,V83,K84,A85,L86,V87,T88,W89,E90,G91,D92,V93,L94,V95,C96,V97,Q98,K99,G100,E101,K102,E103,N104,R105,G106,W107,K108,K109,W110,I111,E112,G113,D114,K115,L116,Y117,L118,E119,L120,T121,C122,G123,D124,Q125,V126,C127,R128,Q129,V130,F131,K132,K133,K134
Od9a84a921,M1,T2,R3,D4,Q5,N6,G7,T8,W9,E10,M11,E12,S13,N14,E15,N16,F17,E18,G19,W20,M21,K22,A23,L24,D25,I26,D27,F28,A29,L30,R31,K32,I33,A34,V35,R36,L37,T38,Q39,T40,L41,V42,I43,D44,Q45,D46,G47,D48,N49,F50,K51,V52,K53,C54,T55,S56,T57,F58,W59,N60,Y61,D62,V63,D64,F65,T66,V67,G68,V69,E70,F71,D72,E73,Y74,T75,K76,S77,L78,D79,N80,R81,H82,V83,K84,A85,L86,V87,T88,W89,E90,G91,D92,V93,L94,V95,C96,V97,Q98,K99,G100,E101,K102,E103,N104,R105,G106,W107,K108,K109,W110,I111,E112,G113,D114,K115,L116,Y117,L118,E119,L120,T121,C122,G123,D124,Q125,V126,C127,R128,Q129,V130,F131,K132,K133,K134
O6eaa90b75,M1,T2,R3,D4,W5,N6,G7,T8,W9,E10,M11,E12,S13,N14,E15,N16,F17,E18,G19,W20,M21,K22,A23,L24,D25,I26,D27,F28,A29,L30,R31,K32,I33,A34,V35,R36,L37,T38,Q39,T40,L41,V42,I43,D44,Q45,D46,G47,D48,N49,F50,K51,V52,K53,C54,T55,S56,T57,F58,Y59,N60,Y61,D62,V63,D64,F65,T66,V67,G68,V69,E70,F71,D72,E73,Y74,T75,K76,S77,L78,D79,N80,R81,H82,V83,K84,A85,L86,V87,T88,W89,E90,G91,D92,V93,L94,V95,C96,V97,Q98,K99,G100,E101,K102,E103,N104,R105,G106,W107,K108,K109,W110,I111,E112,G113,D114,K115,L116,Y117,L118,E119,L120,T121,C122,G123,D124,Q125,V126,C127,R128,Q129,V130,F131,K132,K133,K134
O2fc67b957,M1,T2,R3,D4,F5,N6,G7,T8,W9,E10,M11,E12,S13,N14,E15,N16,F17,E18,G19,W20,M21,K22,A23,L24,D25,I26,D27,F28,A29,L30,R31,K32,I33,L34,V35,R36,L37,T38,Q39,T40,L41,V42,I43,D44,Q45,D46,G47,D48,N49,F50,K51,V52,K53,C54,T55,S56,T57,F58,W59,N60,Y61,D62,V63,D64,F65,T66,V67,G68,V69,E70,F71,D72,E73,Y74,T75,K76,S77,L78,D79,N80,R81,H82,V83,K84,A85,L86,V87,T88,W89,E90,G91,D92,V93,L94,V95,C96,V97,Q98,K99,G100,E101,K102,E103,N104,R105,G106,W107,K108,K109,W110,I111,E112,G113,D114,K115,L116,Y117,L118,E119,L120,T121,C122,G123,D124,Q125,V126,C127,R128,Q129,V130,F131,K132,K133,K134
Oa1a2bde89,M1,T2,R3,D4,Q5,N6,G7,T8,W9,E10,M11,E12,S13,N14,E15,N16,F17,E18,G19,W20,M21,K22,A23,L24,D25,I26,D27,F28,A29,L30,R31,K32,I33,W34,V35,R36,L37,T38,Q39,T40,L41,V42,I43,D44,Q45,D46,G47,D48,N49,F50,K51,V52,K53,C54,T55,S56,T57,F58,W59,N60,Y61,D62,V63,D64,F65,T66,V67,G68,V69,E70,F71,D72,E73,Y74,T75,K76,S77,L78,D79,N80,R81,H82,V83,K84,A85,L86,V87,T88,W89,E90,G91,D92,V93,L94,V95,C96,V97,Q98,K99,G100,E101,K102,E103,N104,R105,G106,W107,K108,K109,W110,I111,E112,G113,D114,K115,L116,Y117,L118,E119,L120,T121,C122,G123,D124,Q125,V126,C127,R128,Q129,V130,F131,K132,K133,K134
O120867781,M1,T2,R3,D4,T5,N6,G7,T8,W9,E10,M11,E12,S13,N14,E15,N16,F17,E18,G19,W20,M21,K22,A23,L24,D25,I26,D27,F28,A29,L30,R31,K32,I33,A34,V35,R36,L37,T38,Q39,T40,L41,V42,I43,D44,Q45,D46,G47,D48,N49,F50,K51,V52,K53,C54,T55,S56,T57,F58,W59,N60,Y61,D62,V63,D64,F65,T66,V67,G68,V69,E70,F71,D72,E73,Y74,T75,K76,S77,L78,D79,N80,R81,H82,V83,K84,A85,L86,V87,T88,W89,E90,G91,D92,V93,L94,V95,C96,V97,Q98,K99,G100,E101,K102,E103,N104,R105,G106,W107,K108,K109,W110,I111,E112,G113,D114,K115,L116,Y117,L118,E119,L120,T121,C122,G123,D124,Q125,V126,C127,R128,Q129,V130,F131,K132,K133,K134
O9be7a5849,M1,T2,R3,D4,N5,N6,G7,T8,W9,E10,M11,E12,S13,N14,E15,N16,F17,E18,G19,W20,M21,K22,A23,L24,D25,I26,D27,F28,A29,L30,R31,K32,I33,A34,V35,R36,L37,T38,Q39,T40,L41,V42,I43,D44,Q45,D46,G47,D48,N49,F50,K51,V52,K53,C54,T55,S56,T57,F58,W59,N60,Y61,D62,V63,D64,F65,T66,V67,G68,V69,E70,F71,D72,E73,Y74,T75,K76,S77,L78,D79,N80,R81,H82,V83,K84,A85,L86,V87,T88,W89,E90,G91,D92,V93,L94,V95,C96,V97,Q98,K99,G100,E101,K102,E103,N104,R105,G106,W107,K108,K109,W110,I111,E112,G113,D114,K115,L116,Y117,L118,E119,L120,T121,C122,G123,D124,Q125,V126,C127,R128,Q129,V130,F131,K132,K133,K134
O9912855b7,M1,T2,R3,D4,A5,N6,G7,T8,W9,E10,M11,E12,S13,N14,E15,N16,F17,E18,G19,W20,M21,K22,A23,L24,D25,I26,D27,F28,A29,L30,R31,K32,I33,A34,V35,R36,L37,T38,Q39,T40,L41,V42,I43,D44,Q45,D46,G47,D48,N49,F50,K51,V52,K53,C54,T55,S56,T57,F58,W59,N60,Y61,D62,V63,D64,F65,T66,V67,G68,V69,E70,F71,D72,E73,Y74,T75,K76,S77,L78,D79,N80,R81,H82,V83,K84,A85,L86,V87,T88,W89,E90,G91,D92,V93,L94,V95,C96,V97,Q98,K99,G100,E101,K102,E103,N104,R105,G106,W107,K108,K109,W110,I111,E112,G113,D114,K115,L116,Y117,L118,E119,L120,T121,C122,G123,D124,Q125,V126,C127,R128,Q129,V130,F131,K132,K133,K134
Oa8873edfd,M1,T2,R3,D4,L5,N6,G7,T8,W9,E10,M11,E12,S13,N14,E15,N16,F17,E18,G19,W20,M21,K22,A23,L24,D25,I26,D27,F28,A29,L30,R31,K32,I33,A34,V35,R36,L37,T38,Q39,T40,L41,V42,I43,D44,Q45,D46,G47,D48,N49,F50,K51,V52,K53,C54,T55,S56,T57,F58,W59,N60,Y61,D62,V63,D64,F65,T66,V67,G68,V69,E70,F71,D72,E73,Y74,T75,K76,S77,L78,D79,N80,R81,H82,V83,K84,A85,L86,V87,T88,W89,E90,G91,D92,V93,L94,V95,C96,V97,Q98,K99,G100,E101,K102,E103,N104,R105,G106,W107,K108,K109,W110,I111,E112,G113,D114,K115,L116,Y117,L118,E119,L120,T121,C122,G123,D124,Q125,V126,C127,R128,Q129,V130,F131,K132,K133,K134
Ofe36113bc,M1,T2,R3,D4,F5,N6,G7,T8,W9,E10,M11,E12,S13,N14,E15,N16,F17,E18,G19,W20,M21,K22,A23,L24,D25,I26,D27,F28,A29,L30,R31,K32,I33,A34,V35,R36,L37,T38,Q39,T40,L41,V42,I43,D44,Q45,D46,G47,D48,N49,F50,K51,V52,K53,C54,T55,S56,T57,F58,W59,N60,Y61,D62,V63,D64,F65,T66,V67,G68,V69,E70,F71,D72,E73,Y74,T75,K76,S77,L78,D79,N80,R81,H82,V83,K84,A85,L86,V87,T88,W89,E90,G91,D92,V93,L94,V95,C96,V97,Q98,K99,G100,E101,K102,E103,N104,R105,G106,W107,K108,K109,W110,I111,E112,G113,D114,K115,L116,Y117,L118,E119,L120,T121,C122,G123,D124,Q125,V126,C127,R128,Q129,V130,F131,K132,K133,K134
Od58a1ab64,M1,T2,R3,D4,W5,N6,G7,T8,W9,E10,M11,E12,S13,N14,E15,N16,F17,E18,G19,W20,M21,K22,A23,L24,D25,I26,D27,F28,A29,L30,R31,K32,I33,A34,V35,R36,L37,T38,Q39,T40,L41,V42,I43,D44,Q45,D46,G47,D48,N49,F50,K51,V52,K53,C54,T55,S56,T57,F58,W59,N60,Y61,D62,V63,D64,F65,T66,V67,G68,V69,E70,F71,D72,E73,Y74,T75,K76,S77,L78,D79,N80,R81,H82,V83,K84,A85,L86,V87,T88,W89,E90,G91,D92,V93,L94,V95,C96,V97,Q98,K99,G100,E101,K102,E103,N104,R105,G106,W107,K108,K109,W110,I111,E112,G113,D114,K115,L116,Y117,L118,E119,L120,T121,C122,G123,D124,Q125,V126,C127,R128,Q129,V130,F131,K132,K133,K134
O80934b977,M1,T2,R3,D4,W5,N6,G7,T8,W9,E10,M11,E12,S13,N14,E15,N16,F17,E18,G19,W20,M21,K22,A23,L24,D25,I26,D27,F28,A29,L30,R31,K32,I33,A34,V35,R36,L37,T38,Q39,T40,L41,V42,I43,D44,Q45,D46,G47,D48,N49,F50,K51,V52,K53,C54,T55,S56,T57,F58,W59,N60,Y61,D62,V63,D64,F65,T66,V67,G68,V69,E70,F71,D72,E73,Y74,T75,K76,S77,L78,D79,N80,R81,H82,V83,K84,A85,L86,V87,T88,W89,E90,G91,D92,V93,L94,V95,C96,V97,Q98,K99,G100,E101,K102,E103,N104,R105,G106,W107,K108,K109,W110,I111,E112,G113,D114,K115,L116,Y117,L118,E119,L120,T121,C122,G123,D124,Q125,V126,C127,R128,Q129,V130,F131,K132,K133,K134
Oec2aa1266,M1,T2,R3,D4,F5,N6,G7,T8,W9,E10,M11,E12,S13,N14,E15,N16,F17,E18,G19,W20,M21,K22,A23,L24,D25,I26,D27,F28,A29,L30,R31,K32,I33,H34,V35,R36,L37,T38,Q39,T40,L41,V42,I43,D44,Q45,D46,G47,D48,N49,F50,K51,V52,K53,C54,T55,S56,T57,F58,W59,N60,Y61,D62,V63,D64,F65,T66,V67,G68,V69,E70,F71,D72,E73,Y74,T75,K76,S77,L78,D79,N80,R81,H82,V83,K84,A85,L86,V87,T88,W89,E90,G91,D92,V93,L94,V95,C96,V97,Q98,K99,G100,E101,K102,E103,N104,R105,G106,W107,K108,K109,W110,I111,E112,G113,D114,K115,L116,Y117,L118,E119,L120,T121,C122,G123,D124,Q125,V126,C127,R128,Q129,V130,F131,K132,K133,K134
O07bcd7ae3,M1,T2,R3,D4,F5,N6,G7,T8,W9,E10,M11,E12,S13,N14,E15,N16,F17,E18,G19,W20,M21,K22,A23,L24,D25,I26,D27,F28,A29,L30,R31,K32,I33,E34,V35,R36,L37,T38,Q39,T40,L41,V42,I43,D44,Q45,D46,G47,D48,N49,F50,K51,V52,K53,C54,T55,S56,T57,F58,W59,N60,Y61,D62,V63,D64,F65,T66,V67,G68,V69,E70,F71,D72,E73,Y74,T75,K76,S77,L78,D79,N80,R81,H82,V83,K84,A85,L86,V87,T88,W89,E90,G91,D92,V93,L94,V95,C96,V97,Q98,K99,G100,E101,K102,E103,N104,R105,G106,W107,K108,K109,W110,I111,E112,G113,D114,K115,L116,Y117,L118,E119,L120,T121,C122,G123,D124,Q125,V126,C127,R128,Q129,V130,F131,K132,K133,K134
Ofc2e7c69c,M1,T2,R3,D4,K5,N6,G7,T8,W9,E10,M11,E12,S13,N14,E15,N16,F17,E18,G19,W20,M21,K22,A23,L24,D25,I26,D27,F28,A29,L30,R31,K32,I33,A34,V35,R36,L37,T38,Q39,T40,L41,V42,I43,D44,Q45,D46,G47,D48,N49,F50,K51,V52,K53,C54,T55,S56,T57,F58,W59,N60,Y61,D62,V63,D64,F65,T66,V67,G68,V69,E70,F71,D72,E73,Y74,T75,K76,S77,L78,D79,N80,R81,H82,V83,K84,A85,L86,V87,T88,W89,E90,G91,D92,V93,L94,V95,C96,V97,Q98,K99,G100,E101,K102,E103,N104,R105,G106,W107,K108,K109,W110,I111,E112,G113,D114,K115,L116,Y117,L118,E119,L120,T121,C122,G123,D124,Q125,V126,C127,R128,Q129,V130,F131,K132,K133,K134
O890ab520e,M1,T2,R3,D4,F5,N6,G7,T8,W9,E10,M11,E12,S13,N14,E15,N16,F17,E18,G19,W20,M21,K22,A23,L24,D25,I26,D27,F28,A29,L30,R31,K32,I33,F34,V35,R36,L37,T38,Q39,T40,L41,V42,I43,D44,Q45,D46,G47,D48,N49,F50,K51,V52,K53,C54,T55,S56,T57,F58,W59,N60,Y61,D62,V63,D64,F65,T66,V67,G68,V69,E70,F71,D72,E73,Y74,T75,K76,S77,L78,D79,N80,R81,H82,V83,K84,A85,L86,V87,T88,W89,E90,G91,D92,V93,L94,V95,C96,V97,Q98,K99,G100,E101,K102,E103,N104,R105,G106,W107,K108,K109,W110,I111,E112,G113,D114,K115,L116,Y117,L118,E119,L120,T121,C122,G123,D124,Q125,V126,C127,R128,Q129,V130,F131,K132,K133,K134
O17d56035a,M1,T2,R3,D4,F5,N6,G7,T8,W9,E10,M11,E12,S13,N14,E15,N16,F17,E18,G19,W20,M21,K22,A23,L24,D25,I26,D27,F28,A29,L30,R31,K32,I33,W34,V35,R36,L37,T38,Q39,T40,L41,V42,I43,D44,Q45,D46,G47,D48,N49,F50,K51,V52,K53,C54,T55,S56,T57,F58,Y59,N60,Y61,D62,V63,D64,F65,T66,V67,G68,V69,E70,F71,D72,E73,Y74,T75,K76,S77,L78,D79,N80,R81,H82,V83,K84,A85,L86,V87,T88,W89,E90,G91,D92,V93,L94,V95,C96,V97,Q98,K99,G100,E101,K102,E103,N104,R105,G106,W107,K108,K109,W110,I111,E112,G113,D114,K115,L116,Y117,L118,E119,L120,T121,C122,G123,D124,Q125,V126,C127,R128,Q129,V130,F131,K132,K133,K134
Oc024b24a3,M1,T2,R3,D4,F5,N6,G7,T8,W9,E10,M11,E12,S13,N14,E15,N16,F17,E18,G19,W20,M21,K22,A23,L24,D25,I26,D27,F28,A29,L30,R31,K32,I33,Y34,V35,R36,L37,T38,Q39,T40,L41,V42,I43,D44,Q45,D46,G47,D48,N49,F50,K51,V52,K53,C54,T55,S56,T57,F58,W59,N60,Y61,D62,V63,D64,F65,T66,V67,G68,V69,E70,F71,D72,E73,Y74,T75,K76,S77,L78,D79,N80,R81,H82,V83,K84,A85,L86,V87,T88,W89,E90,G91,D92,V93,L94,V95,C96,V97,Q98,K99,G100,E101,K102,E103,N104,R105,G106,W107,K108,K109,W110,I111,E112,G113,D114,K115,L116,Y117,L118,E119,L120,T121,C122,G123,D124,Q125,V126,C127,R128,Q129,V130,F131,K132,K133,K134
O643939d62,M1,T2,R3,D4,R5,N6,G7,T8,W9,E10,M11,E12,S13,N14,E15,N16,F17,E18,G19,W20,M21,K22,A23,L24,D25,I26,D27,F28,A29,L30,R31,K32,I33,A34,V35,R36,L37,T38,Q39,T40,L41,V42,I43,D44,Q45,D46,G47,D48,N49,F50,K51,V52,K53,C54,T55,S56,T57,F58,W59,N60,Y61,D62,V63,D64,F65,T66,V67,G68,V69,E70,F71,D72,E73,Y74,T75,K76,S77,L78,D79,N80,R81,H82,V83,K84,A85,L86,V87,T88,W89,E90,G91,D92,V93,L94,V95,C96,V97,Q98,K99,G100,E101,K102,E103,N104,R105,G106,W107,K108,K109,W110,I111,E112,G113,D114,K115,L116,Y117,L118,E119,L120,T121,C122,G123,D124,Q125,V126,C127,R128,Q129,V130,F131,K132,K133,K134
Oe1ee72f20,M1,T2,R3,D4,F5,N6,G7,T8,W9,E10,M11,E12,S13,N14,E15,N16,F17,E18,G19,W20,M21,K22,A23,L24,D25,I26,D27,F28,A29,L30,R31,K32,I33,W34,V35,R36,L37,T38,Q39,T40,L41,V42,I43,D44,Q45,D46,G47,D48,N49,F50,K51,V52,K53,C54,T55,S56,T57,F58,W59,N60,Y61,D62,V63,D64,F65,T66,V67,G68,V69,E70,F71,D72,E73,Y74,T75,K76,S77,L78,D79,N80,R81,H82,V83,K84,A85,L86,V87,T88,W89,E90,G91,D92,V93,L94,V95,C96,V97,Q98,K99,G100,E101,K102,E103,N104,R105,G106,W107,K108,K109,W110,I111,E112,G113,D114,K115,L116,Y117,L118,E119,L120,T121,C122,G123,D124,Q125,V126,C127,R128,Q129,V130,F131,K132,K133,K134
Ob577758df,M1,T2,R3,D4,R5,N6,G7,T8,W9,E10,M11,E12,S13,N14,E15,N16,F17,E18,G19,W20,M21,K22,A23,L24,D25,I26,D27,F28,A29,L30,R31,K32,I33,W34,V35,R36,L37,T38,Q39,T40,L41,V42,I43,D44,Q45,D46,G47,D48,N49,F50,K51,V52,K53,C54,T55,S56,T57,F58,W59,N60,Y61,D62,V63,D64,F65,T66,V67,G68,V69,E70,F71,D72,E73,Y74,T75,K76,S77,L78,D79,N80,R81,H82,V83,K84,A85,L86,V87,T88,W89,E90,G91,D92,V93,L94,V95,C96,V97,Q98,K99,G100,E101,K102,E103,N104,R105,G106,W107,K108,K109,W110,I111,E112,G113,D114,K115,L116,Y117,L118,E119,L120,T121,C122,G123,D124,Q125,V126,C127,R128,Q129,V130,F131,K132,K133,K134
